"T_treatment","W_treatment","gmesTem","gmesTemSe","gscTem","gscTemSE","Atem","AtemSE","iWUEtem","iWUEtemSE"
"ambient","control",0.370001638673222,0.0595856440829256,0.0759136408147988,0.00721857465136726,9.66694493795222,0.637067707737655,144.272354129344,11.7878001586739
"ambient","drydown",0.261720802918001,0.0999258488510481,0.0751759731466803,0.00255408161238088,8.43701576466656,0.115320133222268,121.716954469156,7.45455402488391
"warmed","control",0.249553464254322,0.0400947846587089,0.0559353386480618,0.00550782152494347,7.12099212361493,0.803733264153629,148.254188713131,11.6746653914533
"warmed","drydown",0.207859590630295,0.0398615406522121,0.041789080989568,0.00641078832501643,5.45675141809679,0.586864106266293,147.605221874965,16.5961550797381
