"T_treatment","W_treatment","gmesTem","gmesTemSe","gscTem","gscTemSE","Atem","AtemSE","iWUEtem","iWUEtemSE"
"ambient","control",0.313477068126557,0.0520882542362691,0.0759136408147988,0.00721857465136726,9.66694493795222,0.637067707737655,145.425598373256,11.3888369261965
"ambient","drydown",0.22818445901868,0.0459845660952135,0.0751759731466803,0.00255408161238088,8.43701576466656,0.115320133222268,121.716954469156,7.45455402488391
"warmed","control",0.223498377528322,0.0375512975230408,0.0559353386480618,0.00550782152494347,7.12099212361493,0.803733264153629,150.61059969228,13.6781679299148
"warmed","drydown",0.198553319759313,0.0419637874966768,0.041789080989568,0.00641078832501643,5.45675141809679,0.586864106266293,353.7341059199,199.944127530667
