Temp,CiStar
20,36.51342642
25,47.08485499
30,60.79914071
35.07518797,77.95059076
32.85714286,69.12567132
27.78195489,53.68850698
22.2556391,40.48549946
